cntr_u,dist_x,pang_x,ra_u,dec_u,ra,dec,sigra,sigdec,sigradec,w1mpro,w1sigmpro,w1snr,w1rchi2,w2mpro,w2sigmpro,w2snr,w2rchi2,nb,na,cc_flags,ph_qual,qual_frame,mjd,allwise_cntr,w1mpro_allwise,w1sigmpro_allwise,w2mpro_allwise,w2sigmpro_allwise,w3mpro_allwise,w3sigmpro_allwise,w4mpro_allwise,w4sigmpro_allwise,tmass_key,j_m_2mass,j_msig_2mass,h_m_2mass,h_msig_2mass,k_m_2mass,k_msig_2mass
3,0.417403,22.781628,2.1743488100E+02,-1.6398390000E+01,217.4349278,-16.3982831,0.5642,0.6403,-0.2603,15.825,0.211,5.2,1.529E+00,14.620,0.286,3.8,8.776E-01,1,0,0000,BB,10,57052.39352223,null,null,null,null,null,null,null,null,null,null,null,null,null,null,null,null
4,1.197336,57.643377,2.1759941200E+02,-1.6354657000E+01,217.5997048,-16.3544790,0.4921,0.5329,-0.1602,16.215,0.288,3.8,7.595E-01,14.118,0.160,6.8,9.324E-01,1,0,0000,BB,10,57052.52493523,null,null,null,null,null,null,null,null,null,null,null,null,null,null,null,null
6,0.332474,-21.206356,2.1792915600E+02,-1.6266309000E+01,217.9291212,-16.2662229,0.5530,0.5422,-0.1969,15.907,0.264,4.1,7.385E-01,14.149,0.197,5.5,6.957E-01,1,0,0000,BB,10,57052.78763396,null,null,null,null,null,null,null,null,null,null,null,null,null,null,null,null
7,0.498532,-120.940650,2.1809453700E+02,-1.6221592000E+01,218.0944133,-16.2216632,0.4038,0.4270,-0.1534,15.635,0.166,6.5,5.798E-01,13.969,0.155,7.0,5.949E-01,1,0,0000,BB,10,57052.91904700,null,null,null,null,null,null,null,null,null,null,null,null,null,null,null,null
10,0.895327,81.816812,2.1859221300E+02,-1.6085559000E+01,218.5924692,-16.0855236,0.6534,0.7136,-0.1628,16.873,0.514,2.1,9.629E-01,14.195,0.188,5.8,1.088E+00,1,0,0000,CB,10,57053.31315872,null,null,null,null,null,null,null,null,null,null,null,null,null,null,null,null
11,0.237460,33.819876,2.1875872800E+02,-1.6039518000E+01,218.7587662,-16.0394632,0.4947,0.5345,-0.1085,15.719,0.169,6.4,1.426E+00,15.033,0.369,2.9,1.505E+00,1,0,0000,BC,10,57053.44457176,null,null,null,null,null,null,null,null,null,null,null,null,null,null,null,null
12,1.223564,154.394633,2.1892535400E+02,-1.5993247000E+01,218.9255068,-15.9935535,0.5285,0.5966,-0.1768,15.841,0.330,3.3,1.186E+00,13.910,0.207,5.2,6.882E-01,1,0,0000,BB,10,57053.57585744,null,null,null,null,null,null,null,null,null,null,null,null,null,null,null,null
13,0.716018,50.017542,2.1909243600E+02,-1.5946540000E+01,219.0925945,-15.9464122,0.5878,0.5268,-0.2197,15.728,0.199,5.5,7.689E-01,13.945,0.215,5.1,6.125E-01,1,0,0000,BB,10,57053.70727039,null,null,null,null,null,null,null,null,null,null,null,null,null,null,null,null
14,1.948299,45.578377,2.1925980000E+02,-1.5899498000E+01,219.2602019,-15.8991192,0.6202,0.7342,-0.2664,15.969,0.225,4.8,7.341E-01,14.856,0.326,3.3,6.621E-01,1,0,0000,BB,10,57053.83868344,null,null,null,null,null,null,null,null,null,null,null,null,null,null,null,null
15,0.524385,-97.574306,2.1942727600E+02,-1.5852224000E+01,219.4271259,-15.8522432,0.5769,0.6257,0.1254,16.140,0.336,3.2,4.998E-01,14.175,0.197,5.5,8.125E-01,1,0,0000,BB,10,57053.96996912,null,null,null,null,null,null,null,null,null,null,null,null,null,null,null,null
16,0.972062,120.538432,2.1959520600E+02,-1.5804511000E+01,219.5954477,-15.8046482,0.4904,0.4765,-0.0751,16.143,0.294,3.7,1.288E+00,13.847,0.175,6.2,7.057E-01,1,0,0000,BB,10,57054.10138216,null,null,null,null,null,null,null,null,null,null,null,null,null,null,null,null
17,0.520206,-20.100744,2.1976341900E+02,-1.5756461000E+01,219.7633674,-15.7563253,0.4720,0.5605,-0.1468,15.642,0.238,4.6,7.458E-01,14.238,0.233,4.7,7.913E-01,1,0,0000,BB,10,57054.23279515,null,null,null,null,null,null,null,null,null,null,null,null,null,null,null,null
19,0.733965,116.823802,2.1993174100E+02,-1.5708178000E+01,219.9319300,-15.7082700,0.7345,0.8348,0.2959,16.600,null,-0.8,1.170E+00,14.424,0.230,4.7,1.001E+00,1,0,0000,UB,10,57054.36408083,null,null,null,null,null,null,null,null,null,null,null,null,null,null,null,null
20,0.575425,-58.254288,2.1993191400E+02,-1.5708074000E+01,219.9317728,-15.7079899,0.4986,0.5796,0.1089,16.135,0.241,4.5,1.374E+00,14.489,0.222,4.9,1.216E+00,1,0,0000,BB,10,57054.36420815,null,null,null,null,null,null,null,null,null,null,null,null,null,null,null,null
21,1.326838,-59.871266,2.2001609400E+02,-1.5683859000E+01,220.0157629,-15.6836740,0.4811,0.4872,-0.1442,16.286,0.293,3.7,1.432E+00,13.861,0.139,7.8,4.032E-01,1,0,0000,BB,10,57054.42978736,null,null,null,null,null,null,null,null,null,null,null,null,null,null,null,null
22,2.063749,86.269435,2.2010051800E+02,-1.5659453000E+01,220.1011121,-15.6594157,0.4400,0.4689,0.1082,15.934,null,2.0,1.034E+00,13.393,0.151,7.2,9.058E-01,1,0,0000,UB,10,57054.49549383,null,null,null,null,null,null,null,null,null,null,null,null,null,null,null,null
23,0.849781,-151.834969,2.2018501200E+02,-1.5634964000E+01,220.1848963,-15.6351721,0.4589,0.5358,0.0405,16.076,0.258,4.2,7.445E-01,13.894,0.162,6.7,6.229E-01,1,0,0000,BB,10,57054.56120036,null,null,null,null,null,null,null,null,null,null,null,null,null,null,null,null
24,1.088989,-20.949824,2.2026957800E+02,-1.5610390000E+01,220.2694657,-15.6101075,0.8018,0.7393,-0.1502,15.812,0.225,4.8,4.523E-01,14.471,null,0.7,9.481E-01,1,0,0000,BU,10,57054.62690688,null,null,null,null,null,null,null,null,null,null,null,null,null,null,null,null
25,0.401689,-5.846563,2.2035421400E+02,-1.5585723000E+01,220.3542022,-15.5856120,0.6036,0.6611,-0.2082,16.322,0.322,3.4,5.944E-01,14.385,0.213,5.1,1.009E+00,1,0,0000,BB,10,57054.69261336,null,null,null,null,null,null,null,null,null,null,null,null,null,null,null,null
26,0.539672,-114.766517,2.2043874700E+02,-1.5561084000E+01,220.4386057,-15.5611468,0.6168,0.7004,0.1453,16.336,0.336,3.2,3.034E-01,14.306,0.195,5.6,8.702E-01,1,0,0000,BB,10,57054.75819256,null,null,null,null,null,null,null,null,null,null,null,null,null,null,null,null
27,0.146804,-98.176967,2.2043892100E+02,-1.5560979000E+01,220.4388791,-15.5609848,0.5619,0.6280,0.0132,16.419,0.318,3.4,8.914E-01,14.421,0.209,5.2,5.441E-01,1,0,0000,BB,10,57054.75831987,null,null,null,null,null,null,null,null,null,null,null,null,null,null,null,null
28,2.040851,20.587100,2.2052352300E+02,-1.5536256000E+01,220.5237299,-15.5357253,0.9885,1.0519,-0.2409,16.450,null,1.4,1.952E+00,14.793,0.295,3.7,9.973E-01,1,0,0000,UB,10,57054.82389907,null,null,null,null,null,null,null,null,null,null,null,null,null,null,null,null
29,0.491341,82.717889,2.2060837000E+02,-1.5511341000E+01,220.6085105,-15.5113237,0.5459,0.6270,-0.0727,15.911,0.265,4.1,8.452E-01,14.108,0.237,4.6,5.136E-01,1,0,0000,BB,10,57054.88960560,null,null,null,null,null,null,null,null,null,null,null,null,null,null,null,null
30,0.754298,0.922378,2.2069328700E+02,-1.5486341000E+01,220.6932905,-15.4861315,0.4013,0.4233,-0.1080,16.083,0.257,4.2,8.494E-01,13.626,0.138,7.9,7.751E-01,1,0,0000,BB,10,57054.95531207,null,null,null,null,null,null,null,null,null,null,null,null,null,null,null,null
31,1.090036,-18.464739,2.2077809900E+02,-1.5461364000E+01,220.7779995,-15.4610768,0.4211,0.4841,-0.1448,15.541,0.173,6.3,6.842E-01,14.283,0.201,5.4,6.872E-01,1,0,0000,BB,10,57055.02089124,null,null,null,null,null,null,null,null,null,null,null,null,null,null,null,null
32,1.266509,7.621523,2.2094828500E+02,-1.5410938000E+01,220.9483334,-15.4105893,0.3340,0.4108,-0.1310,15.306,0.130,8.4,8.892E-01,14.173,0.179,6.1,4.824E-01,1,0,0000,BB,10,57055.15230428,2206015201351020496,15.647,0.051,15.586,0.149,12.698,null,8.623,null,1218320986,16.466,0.1019,15.976,0.1246,15.746,0.2160
33,1.066483,-27.193888,2.2111875100E+02,-1.5360170000E+01,221.1186106,-15.3599065,0.3746,0.4195,-0.0588,15.731,0.170,6.4,9.327E-01,14.013,0.159,6.8,6.185E-01,1,0,0000,BB,10,57055.28371733,null,null,null,null,null,null,null,null,null,null,null,null,null,null,null,null
34,0.383204,104.415628,2.2120391400E+02,-1.5334766000E+01,221.2040209,-15.3347925,0.4263,0.4936,0.0690,16.470,0.397,2.7,1.159E+00,13.953,0.134,8.1,7.767E-01,1,0,0000,CB,10,57055.34929648,null,null,null,null,null,null,null,null,null,null,null,null,null,null,null,null
35,0.695762,-65.254335,2.2120409000E+02,-1.5334657000E+01,221.2039080,-15.3345761,0.4627,0.4529,-0.1453,15.630,0.288,3.8,7.018E-01,14.174,0.164,6.6,1.518E+00,1,0,0000,BB,10,57055.34942384,null,null,null,null,null,null,null,null,null,null,null,null,null,null,null,null
36,4.235270,79.782037,2.2128932300E+02,-1.5309167000E+01,221.2905234,-15.3089583,0.0744,0.0773,0.0286,11.937,0.037,29.1,4.758E+01,14.819,0.342,3.2,2.783E+00,1,0,0000,AB,10,57055.41500300,null,null,null,null,null,null,null,null,null,null,null,null,null,null,null,null
37,0.776880,76.357323,2.2137480300E+02,-1.5283483000E+01,221.3750204,-15.2834321,0.5231,0.6607,-0.1758,16.188,0.274,4.0,5.153E-01,14.169,0.188,5.8,7.514E-01,1,0,0000,BB,10,57055.48070953,null,null,null,null,null,null,null,null,null,null,null,null,null,null,null,null
39,1.045363,37.426343,2.2154596100E+02,-1.5231863000E+01,221.5461439,-15.2316324,0.6108,0.6758,-0.2833,16.055,0.234,4.6,9.914E-01,14.475,0.286,3.8,8.431E-01,1,0,0000,BB,10,57055.61211628,null,null,null,null,null,null,null,null,null,null,null,null,null,null,null,null
41,0.755327,42.617279,2.2171723200E+02,-1.5180002000E+01,221.7173792,-15.1798476,0.3369,0.3880,0.0448,15.390,0.173,6.3,6.972E-01,13.792,0.123,8.9,9.065E-01,1,0,0000,BB,10,57055.74340186,null,null,null,null,null,null,null,null,null,null,null,null,null,null,null,null
44,0.530351,130.409812,2.2188895900E+02,-1.5127688000E+01,221.8890752,-15.1277835,0.6644,0.7172,-0.2687,16.266,0.312,3.5,7.046E-01,14.508,0.263,4.1,5.692E-01,1,0,0000,BB,10,57055.87481480,null,null,null,null,null,null,null,null,null,null,null,null,null,null,null,null
45,0.824295,-43.750107,2.2197492700E+02,-1.5101402000E+01,221.9747630,-15.1012366,0.5414,0.7434,-0.2957,16.154,0.392,2.8,1.049E+00,14.181,0.208,5.2,6.629E-01,1,0,0000,CB,10,57055.94052127,null,null,null,null,null,null,null,null,null,null,null,null,null,null,null,null
46,1.171983,-173.887586,2.2206096500E+02,-1.5075028000E+01,222.0609291,-15.0753517,0.7242,0.8364,-0.2759,16.296,0.321,3.4,1.660E+00,14.557,0.297,3.7,5.669E-01,1,0,0000,BB,10,57056.00622774,null,null,null,null,null,null,null,null,null,null,null,null,null,null,null,null
47,0.544205,-74.577857,2.2214689600E+02,-1.5048679000E+01,222.1467451,-15.0486388,0.7180,0.8403,0.2977,15.868,0.226,4.8,7.831E-01,null,null,null,null,1,0,0000,BX,10,57056.07180690,null,null,null,null,null,null,null,null,null,null,null,null,null,null,null,null
48,0.714793,106.924172,2.2214707200E+02,-1.5048569000E+01,222.1472687,-15.0486268,0.6365,0.6870,0.2061,16.228,0.311,3.5,1.277E+00,14.346,0.261,4.2,8.739E-01,1,0,0000,BB,10,57056.07193421,null,null,null,null,null,null,null,null,null,null,null,null,null,null,null,null
49,0.447574,-122.554461,2.2223307300E+02,-1.5022134000E+01,222.2329645,-15.0222009,0.3615,0.4024,0.0601,15.608,0.177,6.1,8.849E-01,13.769,0.127,8.5,9.780E-01,1,0,0000,BB,10,57056.13751337,null,null,null,null,null,null,null,null,null,null,null,null,null,null,null,null
50,0.991523,0.743515,2.2231932000E+02,-1.4995501000E+01,222.3193237,-14.9952256,0.5595,0.6847,0.1628,15.881,null,1.5,1.410E+00,14.062,0.181,6.0,8.899E-01,1,0,0000,UB,10,57056.20321975,null,null,null,null,null,null,null,null,null,null,null,null,null,null,null,null
51,0.771509,5.276377,2.2240563600E+02,-1.4968782000E+01,222.4056564,-14.9685686,0.4098,0.4542,-0.1057,15.987,0.229,4.7,1.007E+00,13.816,0.133,8.2,7.772E-01,1,0,0000,BB,10,57056.26892622,null,null,null,null,null,null,null,null,null,null,null,null,null,null,null,null
52,2.415406,-164.232513,2.2249202300E+02,-1.4941975000E+01,222.4918343,-14.9426207,0.7477,0.9315,0.1524,16.393,0.336,3.2,9.803E-01,14.897,0.351,3.1,5.273E-01,1,0,0000,BB,10,57056.33463264,null,null,null,null,null,null,null,null,null,null,null,null,null,null,null,null
53,1.852071,-98.168846,2.2257847800E+02,-1.4915083000E+01,222.5779510,-14.9151561,0.0207,0.0325,-0.0183,16.366,null,-141.6,1.617E+02,14.235,0.224,4.8,4.577E-01,1,0,0000,UB,10,57056.40033911,null,null,null,null,null,null,null,null,null,null,null,null,null,null,null,null
54,1.044327,24.295132,2.2266482500E+02,-1.4888215000E+01,222.6649485,-14.8879506,0.5514,0.5525,-0.1387,16.620,0.503,2.2,1.347E+00,13.924,0.152,7.1,6.250E-01,1,0,0000,CB,10,57056.46591826,null,null,null,null,null,null,null,null,null,null,null,null,null,null,null,null
55,0.593724,177.783527,2.2266500300E+02,-1.4888103000E+01,222.6650096,-14.8882678,0.3498,0.4654,0.0588,15.976,0.228,4.8,1.237E+00,13.512,0.198,5.5,7.049E-01,1,0,0000,BB,10,57056.46604558,null,null,null,null,null,null,null,null,null,null,null,null,null,null,null,null
56,1.101095,-16.542479,2.2275142000E+02,-1.4861148000E+01,222.7513299,-14.8608548,0.4158,0.4761,-0.0801,15.764,0.203,5.3,8.923E-01,13.838,0.142,7.7,7.162E-01,1,0,0000,BB,10,57056.53162468,null,null,null,null,null,null,null,null,null,null,null,null,null,null,null,null
57,0.426599,-105.015038,2.2283808300E+02,-1.4833995000E+01,222.8379646,-14.8340257,0.4867,0.6014,-0.1616,16.251,0.300,3.6,5.635E-01,13.997,0.167,6.5,5.204E-01,1,0,0000,BB,10,57056.59733115,null,null,null,null,null,null,null,null,null,null,null,null,null,null,null,null
58,0.149798,113.062083,2.2292481500E+02,-1.4806755000E+01,222.9248546,-14.8067713,0.5269,0.5575,-0.0229,16.179,0.315,3.4,8.893E-01,13.919,0.159,6.8,7.392E-01,1,0,0000,BB,10,57056.66303752,null,null,null,null,null,null,null,null,null,null,null,null,null,null,null,null
59,1.291547,71.371540,2.2301161800E+02,-1.4779426000E+01,223.0119696,-14.7793114,0.4659,0.5447,0.1300,15.761,0.186,5.8,1.511E+00,14.689,0.267,4.1,7.271E-01,1,0,0000,BB,10,57056.72874399,2222015201351048737,17.076,0.141,16.540,0.359,12.737,null,8.575,null,null,null,null,null,null,null,null
61,4.175191,-35.762223,2.2309849000E+02,-1.4752011000E+01,223.0977891,-14.7510699,0.9285,1.0233,0.2698,16.895,null,-0.3,9.584E-01,14.504,0.357,3.0,9.094E-01,1,0,0000,UC,10,57056.79445046,null,null,null,null,null,null,null,null,null,null,null,null,null,null,null,null
62,0.395300,-10.967444,2.2318525200E+02,-1.4724622000E+01,223.1852304,-14.7245142,0.7434,0.8052,-0.2976,16.495,null,0.4,5.252E-01,14.181,0.222,4.9,5.099E-01,1,0,0000,UB,10,57056.86002962,null,null,null,null,null,null,null,null,null,null,null,null,null,null,null,null
63,0.424587,-60.765799,2.2327226000E+02,-1.4697033000E+01,223.2721536,-14.6969754,0.6405,0.6570,-0.2070,16.383,0.309,3.5,5.892E-01,13.899,0.264,4.1,7.411E-01,1,0,0000,BB,10,57056.92573609,null,null,null,null,null,null,null,null,null,null,null,null,null,null,null,null
64,0.689132,9.130617,2.2335933900E+02,-1.4669356000E+01,223.3593704,-14.6691670,0.2847,0.3858,-0.0670,15.539,0.148,7.3,9.504E-01,13.726,0.152,7.2,7.448E-01,1,0,0000,BB,10,57056.99144256,null,null,null,null,null,null,null,null,null,null,null,null,null,null,null,null
65,1.261335,-50.767243,2.2344648600E+02,-1.4641592000E+01,223.4462055,-14.6413704,0.6228,0.6703,0.0429,16.648,0.410,2.6,6.456E-01,14.156,0.197,5.5,6.427E-01,1,0,0000,CB,10,57057.05714903,null,null,null,null,null,null,null,null,null,null,null,null,null,null,null,null
66,2.121956,-84.089252,2.2353370200E+02,-1.4613738000E+01,223.5330961,-14.6136773,0.8325,0.9355,0.0730,16.438,0.354,3.1,1.048E+00,15.022,0.361,3.0,4.320E-01,1,0,0000,BC,10,57057.12285550,null,null,null,null,null,null,null,null,null,null,null,null,null,null,null,null
67,0.670766,104.134502,2.2362080900E+02,-1.4585913000E+01,223.6209957,-14.5859585,0.5784,0.6522,0.1440,16.243,0.263,4.1,1.763E+00,14.551,0.232,4.7,4.705E-01,1,0,0000,BB,10,57057.18843461,null,null,null,null,null,null,null,null,null,null,null,null,null,null,null,null
69,1.565533,-2.934706,2.2379558400E+02,-1.4529773000E+01,223.7955610,-14.5293387,0.5769,0.6331,0.1421,16.017,0.223,4.9,8.930E-01,14.078,0.263,4.1,7.452E-01,1,0,0000,BB,10,57057.31984750,null,null,null,null,null,null,null,null,null,null,null,null,null,null,null,null
70,0.471425,15.481450,2.2397063500E+02,-1.4473281000E+01,223.9706711,-14.4731548,0.3819,0.4886,0.0509,15.994,0.308,3.5,5.959E-01,13.968,0.140,7.8,6.278E-01,1,0,0000,BB,10,57057.45126044,null,null,null,null,null,null,null,null,null,null,null,null,null,null,null,null
71,0.967188,-141.548690,2.2414578100E+02,-1.4416554000E+01,224.1456085,-14.4167644,0.6405,0.7325,0.3367,16.809,0.441,2.5,8.604E-01,14.232,0.219,5.0,8.299E-01,1,0,0000,CB,10,57057.58254602,null,null,null,null,null,null,null,null,null,null,null,null,null,null,null,null
72,0.689300,171.562749,2.2432138000E+02,-1.4359359000E+01,224.3214090,-14.3595484,0.4687,0.4656,-0.0692,15.972,0.258,4.2,8.945E-01,13.692,0.176,6.2,6.011E-01,1,0,0000,BB,10,57057.71395953,null,null,null,null,null,null,null,null,null,null,null,null,null,null,null,null
73,0.589115,-176.877122,2.2449725000E+02,-1.4301815000E+01,224.4972408,-14.3019784,0.3589,0.4446,0.1702,15.645,0.176,6.2,6.410E-01,14.050,0.156,6.9,6.113E-01,1,0,0000,BB,10,57057.84537251,null,null,null,null,null,null,null,null,null,null,null,null,null,null,null,null
74,1.833418,67.121320,2.2467321300E+02,-1.4244034000E+01,224.6736971,-14.2438360,0.4776,0.5739,-0.0771,16.386,0.348,3.1,1.320E+00,14.091,0.161,6.7,7.316E-01,1,0,0000,BB,10,57057.97665804,null,null,null,null,null,null,null,null,null,null,null,null,null,null,null,null
75,0.152301,-26.984453,2.2484962900E+02,-1.4185784000E+01,224.8496092,-14.1857463,0.5491,0.6006,-0.1085,15.996,0.233,4.7,6.706E-01,14.494,0.242,4.5,8.668E-01,1,0,0000,BB,10,57058.10807098,null,null,null,null,null,null,null,null,null,null,null,null,null,null,null,null
76,0.915869,110.140852,2.2502613400E+02,-1.4127299000E+01,225.0263803,-14.1273866,0.4017,0.3911,-0.0999,15.755,0.200,5.4,9.874E-01,13.683,0.149,7.3,4.817E-01,1,0,0000,BB,10,57058.23935656,null,null,null,null,null,null,null,null,null,null,null,null,null,null,null,null
77,1.768041,-149.233205,2.2520309000E+02,-1.4068344000E+01,225.2028310,-14.0687660,0.6522,0.7554,-0.2314,16.710,null,-2.9,1.110E+01,14.061,0.246,4.4,7.595E-01,1,0,0000,UB,10,57058.37076950,null,null,null,null,null,null,null,null,null,null,null,null,null,null,null,null
78,0.316625,-10.423393,2.2538031600E+02,-1.4009036000E+01,225.3802996,-14.0089495,0.3756,0.5077,0.2090,15.749,0.210,5.2,7.752E-01,13.812,0.180,6.0,7.106E-01,2,0,0000,BB,10,57058.50218244,null,null,null,null,null,null,null,null,null,null,null,null,null,null,null,null
79,1.156900,9.770484,2.2546884900E+02,-1.3979368000E+01,225.4689052,-13.9790513,0.3999,0.5055,0.1065,16.404,0.316,3.4,1.175E+00,13.960,0.143,7.6,8.548E-01,1,0,0000,BB,10,57058.56776154,null,null,null,null,null,null,null,null,null,null,null,null,null,null,null,null
80,0.874531,144.879856,2.2555763100E+02,-1.3949492000E+01,225.5577750,-13.9496907,0.3133,0.3505,-0.1256,15.439,0.133,8.1,1.840E+00,13.566,0.136,8.0,1.055E+00,1,0,0000,BB,10,57058.63346801,null,null,null,null,null,null,null,null,null,null,null,null,null,null,null,null
82,0.061054,52.176997,2.2573521400E+02,-1.3889596000E+01,225.7352278,-13.8895856,0.4397,0.5007,0.0948,15.877,0.226,4.8,5.561E-01,14.131,0.164,6.6,7.681E-01,1,0,0000,BB,10,57058.76475359,null,null,null,null,null,null,null,null,null,null,null,null,null,null,null,null
84,2.895790,-19.806660,2.2591324600E+02,-1.3829227000E+01,225.9129653,-13.8284702,0.6894,0.7569,-0.2028,16.205,0.291,3.7,5.569E-01,14.614,0.274,4.0,6.477E-01,1,0,0000,BB,10,57058.89616657,null,null,null,null,null,null,null,null,null,null,null,null,null,null,null,null
85,0.611559,75.825136,2.2600236200E+02,-1.3798910000E+01,226.0025316,-13.7988684,0.3544,0.4108,0.0248,15.783,0.178,6.1,1.068E+00,13.985,0.155,7.0,7.116E-01,1,0,0000,BB,10,57058.96187304,null,null,null,null,null,null,null,null,null,null,null,null,null,null,null,null
86,0.612739,158.719800,2.2609154500E+02,-1.3768504000E+01,226.0916086,-13.7686626,0.4328,0.4243,-0.1239,15.834,0.245,4.4,3.807E-01,13.881,0.135,8.1,7.138E-01,1,0,0000,BB,10,57059.02757951,null,null,null,null,null,null,null,null,null,null,null,null,null,null,null,null
88,0.648399,-31.114192,2.2626992800E+02,-1.3707547000E+01,226.2698322,-13.7073928,0.5382,0.5367,-0.1775,16.013,0.224,4.8,8.870E-01,14.024,0.203,5.3,4.931E-01,1,0,0000,BB,10,57059.15886509,null,null,null,null,null,null,null,null,null,null,null,null,null,null,null,null
89,0.785120,-3.422629,2.2635931100E+02,-1.3676875000E+01,226.3592976,-13.6766573,0.5915,1.0661,0.2050,16.591,null,0.9,1.410E+00,14.137,0.228,4.8,5.422E-01,1,0,0000,UB,10,57059.22457152,null,null,null,null,null,null,null,null,null,null,null,null,null,null,null,null
90,3.229548,-169.438922,2.2644876000E+02,-1.3646114000E+01,226.4485908,-13.6469959,0.3744,0.3899,-0.0451,15.714,0.174,6.2,2.033E+00,13.540,0.152,7.2,7.922E-01,1,0,0000,BB,10,57059.29027794,null,null,null,null,null,null,null,null,null,null,null,null,null,null,null,null
91,0.891687,-158.718256,2.2653809200E+02,-1.3615387000E+01,226.5379995,-13.6156178,0.5406,0.4931,-0.1590,15.144,0.178,6.1,1.498E+00,null,null,null,null,1,0,0000,BX,10,57059.35585709,2265013701351033495,15.170,0.040,15.041,0.092,12.737,0.531,8.587,null,1276677279,16.240,0.0830,15.587,0.0922,15.289,0.1532
92,1.534433,-154.341161,2.2653827700E+02,-1.3615265000E+01,226.5380871,-13.6156492,0.2909,0.3092,0.0137,14.982,0.108,10.0,9.534E-01,13.813,0.154,7.0,7.338E-01,1,0,0000,AB,10,57059.35598446,2265013701351033495,15.170,0.040,15.041,0.092,12.737,0.531,8.587,null,1276677279,16.240,0.0830,15.587,0.0922,15.289,0.1532
93,0.233570,174.670287,2.2662767500E+02,-1.3584449000E+01,226.6276812,-13.5845136,0.3487,0.4234,0.0500,15.994,0.242,4.5,1.238E+00,13.705,0.117,9.3,8.732E-01,1,0,0000,BB,10,57059.42156356,null,null,null,null,null,null,null,null,null,null,null,null,null,null,null,null
94,0.891753,66.291468,2.2671732100E+02,-1.3553423000E+01,226.7175543,-13.5533234,0.3065,0.4615,0.0802,15.730,0.194,5.6,7.590E-01,13.598,0.124,8.7,8.262E-01,1,0,0000,BB,10,57059.48727003,null,null,null,null,null,null,null,null,null,null,null,null,null,null,null,null
95,0.414963,137.364742,2.2680703400E+02,-1.3522309000E+01,226.8071143,-13.5223938,0.5232,0.5293,-0.2073,16.496,0.350,3.1,7.965E-01,13.901,0.147,7.4,3.011E-01,1,0,0000,BB,10,57059.55297650,null,null,null,null,null,null,null,null,null,null,null,null,null,null,null,null
96,1.941139,1.581116,2.2689681500E+02,-1.3491104000E+01,226.8968303,-13.4905650,0.7795,0.8164,0.2638,16.217,null,1.5,8.087E-01,14.488,0.241,4.5,3.901E-01,1,0,0000,UB,10,57059.61868297,null,null,null,null,null,null,null,null,null,null,null,null,null,null,null,null
97,1.850877,-103.887544,2.2698647600E+02,-1.3459934000E+01,226.9859628,-13.4600574,0.7841,1.0235,0.2837,16.467,null,0.9,7.091E-01,14.470,0.254,4.3,7.891E-01,1,0,0000,UB,10,57059.68426213,null,null,null,null,null,null,null,null,null,null,null,null,null,null,null,null
98,3.672682,-114.873097,2.2698665900E+02,-1.3459812000E+01,226.9857073,-13.4602411,0.5601,0.5210,0.1200,15.589,0.196,5.5,1.134E+00,14.912,0.435,2.5,1.416E+00,1,0,0000,BC,10,57059.68438944,2265013701351049700,17.375,0.167,16.529,null,12.827,null,8.886,null,null,null,null,null,null,null,null
99,1.088714,-14.338585,2.2707638700E+02,-1.3428553000E+01,227.0763100,-13.4282600,0.3398,0.3913,-0.0996,16.800,null,-9.5,1.056E+01,14.410,0.242,4.5,2.574E+00,1,0,HH00,UB,10,57059.74996860,null,null,null,null,null,null,null,null,null,null,null,null,null,null,null,null
100,1.197592,173.164682,2.2716636300E+02,-1.3397084000E+01,227.1664037,-13.3974143,0.3624,0.3975,-0.1008,15.360,0.143,7.6,1.114E+00,13.946,0.153,7.1,6.362E-01,1,0,0000,BB,10,57059.81567502,null,null,null,null,null,null,null,null,null,null,null,null,null,null,null,null
101,0.699900,45.734439,2.2725640600E+02,-1.3365525000E+01,227.2565491,-13.3653893,0.2793,0.3112,0.0636,15.184,0.113,9.6,1.584E+00,13.651,0.153,7.1,1.243E+00,1,0,0000,BB,10,57059.88138149,null,null,null,null,null,null,null,null,null,null,null,null,null,null,null,null
102,0.497767,110.268955,2.2734651300E+02,-1.3333878000E+01,227.3466463,-13.3339259,0.3640,0.4077,-0.0232,15.903,0.206,5.3,7.958E-01,13.867,0.131,8.3,9.309E-01,1,0,0000,BB,10,57059.94708801,2281013701351038205,17.517,0.203,16.804,null,12.516,0.411,8.902,null,null,null,null,null,null,null,null
103,0.699933,86.933759,2.2743650100E+02,-1.3302265000E+01,227.4367005,-13.3022546,0.4618,0.4916,0.0926,15.721,0.242,4.5,6.580E-01,13.994,0.156,7.0,9.294E-01,1,0,0000,BB,10,57060.01266712,null,null,null,null,null,null,null,null,null,null,null,null,null,null,null,null
104,0.441836,61.373897,2.2743668600E+02,-1.3302141000E+01,227.4367967,-13.3020822,0.3180,0.3645,0.0207,15.612,0.181,6.0,1.446E+00,13.759,0.118,9.2,9.102E-01,1,0,0000,BB,10,57060.01279448,null,null,null,null,null,null,null,null,null,null,null,null,null,null,null,null
105,0.990519,-140.661339,2.2752673900E+02,-1.3270440000E+01,227.5265598,-13.2706528,0.6715,0.6717,0.0246,16.717,0.421,2.6,1.047E+00,14.101,0.225,4.8,7.336E-01,1,0,0000,CB,10,57060.07837359,null,null,null,null,null,null,null,null,null,null,null,null,null,null,null,null
106,0.607972,174.144377,2.2761704100E+02,-1.3238527000E+01,227.6170587,-13.2386950,0.5379,0.6408,-0.1156,16.626,0.402,2.7,6.430E-01,14.180,0.187,5.8,8.233E-01,1,0,0000,CB,10,57060.14408006,null,null,null,null,null,null,null,null,null,null,null,null,null,null,null,null
107,0.225967,-16.767518,2.2770740800E+02,-1.3206525000E+01,227.7073894,-13.2064649,0.4539,0.5044,-0.0997,15.706,0.179,6.1,1.103E+00,14.170,0.185,5.9,9.133E-01,1,0,0000,BB,10,57060.20978653,null,null,null,null,null,null,null,null,null,null,null,null,null,null,null,null
108,0.314092,124.326704,2.2779784200E+02,-1.3174433000E+01,227.7979160,-13.1744822,0.3072,0.3204,-0.0395,15.614,0.169,6.4,6.803E-01,13.473,0.111,9.8,8.435E-01,1,0,0000,BB,10,57060.27549300,null,null,null,null,null,null,null,null,null,null,null,null,null,null,null,null
109,0.552306,78.533053,2.2788815400E+02,-1.3142378000E+01,227.8883084,-13.1423475,0.4251,0.5283,-0.1563,15.702,0.195,5.6,9.627E-01,14.128,0.209,5.2,1.024E+00,1,0,0000,BB,10,57060.34107211,null,null,null,null,null,null,null,null,null,null,null,null,null,null,null,null
110,0.725055,-74.949128,2.2797871700E+02,-1.3110109000E+01,227.9785173,-13.1100567,0.7449,0.8157,-0.1644,16.563,0.402,2.7,7.773E-01,14.357,0.271,4.0,3.023E-01,1,0,0000,CB,0,57060.40677862,null,null,null,null,null,null,null,null,null,null,null,null,null,null,null,null
111,2.386194,-35.339201,2.2806934300E+02,-1.3077753000E+01,228.0689494,-13.0772123,0.3840,0.4234,-0.1565,15.394,0.150,7.2,1.889E+00,13.985,0.170,6.4,8.731E-01,1,0,0000,BB,10,57060.47248509,2281013701351053600,15.390,0.040,15.587,0.141,12.180,null,9.073,null,null,null,null,null,null,null,null
112,0.446113,168.895137,2.2816003400E+02,-1.3045306000E+01,228.1600585,-13.0454276,0.4169,0.4735,-0.1078,16.277,0.310,3.5,8.715E-01,13.997,0.142,7.7,1.331E+00,1,0,0000,BB,10,57060.53819146,null,null,null,null,null,null,null,null,null,null,null,null,null,null,null,null
113,0.294332,164.021164,2.2825060400E+02,-1.3012897000E+01,228.2506271,-13.0129756,0.4054,0.4580,0.1240,15.743,0.231,4.7,4.653E-01,13.933,0.150,7.2,7.305E-01,1,0,0000,BB,10,57060.60377057,null,null,null,null,null,null,null,null,null,null,null,null,null,null,null,null
114,0.463373,0.867446,2.2825078900E+02,-1.3012772000E+01,228.2507910,-13.0126433,0.4215,0.4910,0.1801,15.995,0.284,3.8,6.833E-01,13.869,0.161,6.7,4.008E-01,1,0,0000,BB,10,57060.60389794,null,null,null,null,null,null,null,null,null,null,null,null,null,null,null,null
115,0.848295,37.676893,2.2834142300E+02,-1.2980274000E+01,228.3415708,-12.9800875,0.4570,0.5637,0.1372,16.117,0.276,3.9,1.218E+00,13.785,0.157,6.9,9.191E-01,1,0,0000,BB,10,57060.66947704,null,null,null,null,null,null,null,null,null,null,null,null,null,null,null,null
116,0.527296,52.729374,2.2843230700E+02,-1.2947562000E+01,228.4324266,-12.9474733,0.3890,0.4063,-0.1384,15.651,0.185,5.9,1.166E+00,13.639,0.127,8.6,8.186E-01,1,0,0000,BB,10,57060.73518351,null,null,null,null,null,null,null,null,null,null,null,null,null,null,null,null
117,0.639871,73.896823,2.2852325400E+02,-1.2914761000E+01,228.5234292,-12.9147117,0.6961,0.7525,-0.1470,16.406,0.320,3.4,9.337E-01,14.121,0.270,4.0,6.882E-01,1,0,0000,BB,10,57060.80088998,null,null,null,null,null,null,null,null,null,null,null,null,null,null,null,null
119,3.253771,80.453449,2.2870515500E+02,-1.2849020000E+01,228.7060692,-12.8488701,0.6679,0.6768,0.1886,15.803,0.225,4.8,9.919E-01,14.704,0.303,3.6,6.514E-01,1,0,0000,BB,10,57060.93217560,2286012201351005973,16.085,0.068,16.071,0.209,12.432,null,8.623,null,null,null,null,null,null,null,null
121,1.220293,36.381513,2.2879629300E+02,-1.2815954000E+01,228.7964992,-12.8156811,0.4307,0.4853,-0.1120,16.219,0.289,3.8,8.575E-01,13.853,0.140,7.8,6.108E-01,1,0,0000,BB,10,57060.99788207,null,null,null,null,null,null,null,null,null,null,null,null,null,null,null,null
122,0.216558,-27.413703,2.2888749600E+02,-1.2782798000E+01,228.8874676,-12.7827446,0.3000,0.3223,0.0425,15.437,0.161,6.8,7.161E-01,13.570,0.115,9.4,6.578E-01,1,0,0000,BB,10,57061.06358854,null,null,null,null,null,null,null,null,null,null,null,null,null,null,null,null
123,1.129991,152.138253,2.2897876000E+02,-1.2749554000E+01,228.9789104,-12.7498315,0.3702,0.4287,-0.1319,15.641,0.173,6.3,1.131E+00,13.813,0.137,7.9,5.688E-01,1,0,0000,BB,10,57061.12929497,null,null,null,null,null,null,null,null,null,null,null,null,null,null,null,null
124,0.206893,-45.193688,2.2907008800E+02,-1.2716222000E+01,229.0700462,-12.7161815,0.4334,0.5183,0.1641,15.841,0.216,5.0,5.310E-01,13.994,0.183,5.9,4.688E-01,1,0,0000,BB,5,57061.19500144,null,null,null,null,null,null,null,null,null,null,null,null,null,null,null,null
125,0.408182,-138.637790,2.2916129500E+02,-1.2682928000E+01,229.1612182,-12.6830131,0.5221,0.5916,-0.1602,16.073,0.232,4.7,6.569E-01,14.261,0.203,5.3,8.883E-01,1,0,0000,BB,10,57061.26058050,null,null,null,null,null,null,null,null,null,null,null,null,null,null,null,null
126,1.427142,54.145439,2.2925274900E+02,-1.2649419000E+01,229.2530783,-12.6491868,0.5266,0.5647,-0.1242,15.639,0.264,4.1,1.427E+00,13.727,0.197,5.5,8.891E-01,1,0,0000,BB,10,57061.32628697,null,null,null,null,null,null,null,null,null,null,null,null,null,null,null,null
127,0.634141,99.937872,2.2934426600E+02,-1.2615821000E+01,229.3444438,-12.6158514,0.7196,0.6876,-0.1425,16.373,0.339,3.2,9.234E-01,14.261,0.231,4.7,6.021E-01,1,0,0000,BB,10,57061.39199344,null,null,null,null,null,null,null,null,null,null,null,null,null,null,null,null
128,0.601617,9.954670,2.2943584700E+02,-1.2582134000E+01,229.4358766,-12.5819694,0.3917,0.4127,0.0867,15.419,0.158,6.9,7.379E-01,13.896,0.195,5.6,8.653E-01,1,0,0000,BB,10,57061.45769991,null,null,null,null,null,null,null,null,null,null,null,null,null,null,null,null
129,0.396779,84.533314,2.2952730300E+02,-1.2548487000E+01,229.5274154,-12.5484765,0.3458,0.4689,-0.1077,15.692,0.188,5.8,1.376E+00,13.755,0.157,6.9,8.239E-01,1,0,0000,BB,10,57061.52327902,null,null,null,null,null,null,null,null,null,null,null,null,null,null,null,null
130,0.352597,102.920459,2.2952749000E+02,-1.2548359000E+01,229.5275878,-12.5483809,0.3657,0.4008,0.0219,15.853,0.293,3.7,2.757E-01,13.723,0.125,8.7,5.597E-01,1,0,0000,BB,10,57061.52340633,null,null,null,null,null,null,null,null,null,null,null,null,null,null,null,null
132,0.895114,-35.865042,2.2971077600E+02,-1.2480672000E+01,229.7106268,-12.4804705,0.6033,0.6299,-0.2037,15.924,0.302,3.6,8.326E-01,14.261,0.216,5.0,7.888E-01,1,0,0000,BB,10,57061.65469181,null,null,null,null,null,null,null,null,null,null,null,null,null,null,null,null
133,1.160501,-117.470002,2.2980260600E+02,-1.2446632000E+01,229.8023131,-12.4467807,0.6701,0.7309,-0.2255,16.424,0.337,3.2,1.185E+00,14.353,0.228,4.8,5.756E-01,1,0,0000,BB,10,57061.72039828,null,null,null,null,null,null,null,null,null,null,null,null,null,null,null,null
134,0.749931,89.972518,2.2989449900E+02,-1.2412503000E+01,229.8947123,-12.4125029,0.5792,0.5970,-0.1761,16.040,0.235,4.6,8.793E-01,14.010,0.212,5.1,7.556E-01,1,0,0000,BB,10,57061.78610480,null,null,null,null,null,null,null,null,null,null,null,null,null,null,null,null
135,0.306733,-58.908285,2.2998626500E+02,-1.2378415000E+01,229.9861903,-12.3783710,0.4565,0.4344,-0.0863,15.875,0.257,4.2,9.214E-01,13.659,0.161,6.7,7.920E-01,1,0,0000,BB,10,57061.85168390,null,null,null,null,null,null,null,null,null,null,null,null,null,null,null,null
136,3.291572,-0.428516,2.3007828000E+02,-1.2344111000E+01,230.0782730,-12.3431967,0.3046,0.3169,-0.1236,14.955,0.098,11.1,1.222E+00,14.058,0.200,5.4,1.881E+00,1,0,0000,AB,10,57061.91739037,2302012201351017819,15.337,0.042,15.153,0.100,11.924,null,8.381,0.349,1223582828,16.017,0.0745,15.721,0.1059,15.017,null
137,0.596497,54.635274,2.3017035900E+02,-1.2309717000E+01,230.1704973,-12.3096211,0.4715,0.5567,-0.1409,15.724,0.197,5.5,3.178E-01,14.205,0.254,4.3,8.905E-01,1,0,0000,BB,10,57061.98309684,null,null,null,null,null,null,null,null,null,null,null,null,null,null,null,null
138,0.758736,35.678878,2.3026249800E+02,-1.2275236000E+01,230.2626238,-12.2750648,0.5037,0.5199,-0.1238,16.162,0.353,3.1,8.561E-01,13.837,0.158,6.9,7.657E-01,1,0,0000,BB,10,57062.04880336,null,null,null,null,null,null,null,null,null,null,null,null,null,null,null,null
140,1.797869,53.379967,2.3044677300E+02,-1.2206138000E+01,230.4471831,-12.2058401,0.7262,0.7497,-0.2051,16.469,0.383,2.8,6.736E-01,14.158,0.224,4.9,1.027E+00,1,0,0000,CB,5,57062.18008893,null,null,null,null,null,null,null,null,null,null,null,null,null,null,null,null
141,1.080070,35.746102,2.3053909500E+02,-1.2171393000E+01,230.5392743,-12.1711495,0.4997,0.5941,-0.0743,15.791,0.245,4.4,1.086E+00,14.000,0.205,5.3,6.661E-01,1,0,0000,BB,10,57062.24579531,null,null,null,null,null,null,null,null,null,null,null,null,null,null,null,null
142,0.573178,-35.512568,2.3063148000E+02,-1.2136558000E+01,230.6313854,-12.1364284,0.4311,0.4903,-0.1385,15.691,0.200,5.4,6.826E-01,13.825,0.171,6.4,5.919E-01,1,0,0000,BB,10,57062.31150178,null,null,null,null,null,null,null,null,null,null,null,null,null,null,null,null
143,0.569344,11.085725,2.3072373600E+02,-1.2101768000E+01,230.7237671,-12.1016128,0.4325,0.4903,0.0846,15.745,0.211,5.1,1.096E+00,13.771,0.156,7.0,8.136E-01,1,0,0000,BB,10,57062.37708089,null,null,null,null,null,null,null,null,null,null,null,null,null,null,null,null
144,0.404173,31.913898,2.3072392400E+02,-1.2101637000E+01,230.7239847,-12.1015417,0.4847,0.5526,0.0696,15.961,0.229,4.7,8.674E-01,14.089,0.204,5.3,5.674E-01,1,0,0000,BB,10,57062.37720821,null,null,null,null,null,null,null,null,null,null,null,null,null,null,null,null
145,0.696652,25.952402,2.3081624100E+02,-1.2066759000E+01,230.8163276,-12.0665850,0.4372,0.4937,-0.1596,15.510,0.158,6.9,8.608E-01,14.173,0.257,4.2,3.493E-01,1,0,0000,BB,10,57062.44278736,null,null,null,null,null,null,null,null,null,null,null,null,null,null,null,null
146,2.647736,-10.946578,2.3090880800E+02,-1.2031660000E+01,230.9086652,-12.0309379,0.9908,1.0091,0.3545,16.424,null,0.7,1.684E+00,14.142,0.282,3.9,4.827E-01,1,0,0000,UB,10,57062.50849383,null,null,null,null,null,null,null,null,null,null,null,null,null,null,null,null
147,1.627775,111.865896,2.3100143400E+02,-1.1996475000E+01,231.0018630,-11.9966434,0.4738,0.5325,-0.1036,16.158,0.268,4.0,1.248E+00,13.769,0.157,6.9,3.846E-01,1,0,0000,BB,10,57062.57420025,null,null,null,null,null,null,null,null,null,null,null,null,null,null,null,null
148,1.325715,-33.069613,2.3109412200E+02,-1.1961202000E+01,231.0939166,-11.9608934,0.4320,0.4609,0.0483,16.228,0.281,3.9,3.804E-01,13.511,0.163,6.7,5.890E-01,1,0,0000,BB,10,57062.63990672,null,null,null,null,null,null,null,null,null,null,null,null,null,null,null,null
149,0.896224,108.065350,2.3118668000E+02,-1.1925973000E+01,231.1869219,-11.9260502,0.5216,0.6093,-0.1916,15.960,0.243,4.5,5.689E-01,14.166,0.199,5.4,8.912E-01,1,0,0000,BB,5,57062.70548583,null,null,null,null,null,null,null,null,null,null,null,null,null,null,null,null
150,0.531186,58.816242,2.3127948600E+02,-1.1890525000E+01,231.2796150,-11.8904486,0.3570,0.4450,-0.1376,15.746,0.207,5.2,1.007E+00,13.535,0.131,8.3,1.070E+00,1,0,0000,BB,5,57062.77119230,null,null,null,null,null,null,null,null,null,null,null,null,null,null,null,null
151,0.239360,-121.055998,2.3137235400E+02,-1.1854989000E+01,231.3722958,-11.8550233,0.4115,0.5007,-0.1233,15.647,0.233,4.7,4.473E-01,13.657,0.146,7.5,5.903E-01,1,0,0000,BB,10,57062.83689873,null,null,null,null,null,null,null,null,null,null,null,null,null,null,null,null
153,4.122945,141.236291,2.3155807700E+02,-1.1783788000E+01,231.5588095,-11.7846810,0.6386,0.7427,-0.2867,15.881,0.214,5.1,9.198E-01,14.424,null,1.6,9.167E-01,1,0,0000,BU,10,57062.96818435,null,null,null,null,null,null,null,null,null,null,null,null,null,null,null,null
154,0.408780,162.176343,2.3165112300E+02,-1.1747989000E+01,231.6511585,-11.7480971,0.4856,0.5550,-0.0949,16.365,0.331,3.3,8.571E-01,13.716,0.178,6.1,4.802E-01,1,0,0000,BB,10,57063.03389082,null,null,null,null,null,null,null,null,null,null,null,null,null,null,null,null
156,0.317632,60.609731,2.3183739300E+02,-1.1676130000E+01,231.8374715,-11.6760867,0.2830,0.3251,0.0520,15.198,0.113,9.6,1.104E+00,13.847,0.169,6.4,1.024E+00,1,0,0000,BB,5,57063.16530376,null,null,null,null,null,null,null,null,null,null,null,null,null,null,null,null
157,1.932260,62.022243,2.3202370600E+02,-1.1604057000E+01,232.0241899,-11.6038052,0.5884,0.5994,0.2162,16.129,0.406,2.7,7.789E-01,13.734,0.183,5.9,6.795E-01,1,0,0000,CB,5,57063.29658928,null,null,null,null,null,null,null,null,null,null,null,null,null,null,null,null
158,0.655774,121.213438,2.3221044600E+02,-1.1531501000E+01,232.2106050,-11.5315954,0.6615,0.7311,-0.2937,16.097,0.289,3.8,9.096E-01,14.127,0.265,4.1,8.598E-01,1,0,0000,BB,10,57063.42800227,null,null,null,null,null,null,null,null,null,null,null,null,null,null,null,null
159,0.951296,-42.282873,2.3239722800E+02,-1.1458732000E+01,232.3970466,-11.4585365,0.4366,0.5244,-0.0580,15.779,0.195,5.6,8.220E-01,13.910,0.209,5.2,1.089E+00,1,0,0000,BB,10,57063.55928780,null,null,null,null,null,null,null,null,null,null,null,null,null,null,null,null
160,1.765669,-157.705651,2.3258443600E+02,-1.1385463000E+01,232.5842462,-11.3859168,0.5834,0.5719,-0.1109,15.712,0.225,4.8,9.225E-01,14.228,0.281,3.9,4.492E-01,1,0,0000,BB,10,57063.69070074,null,null,null,null,null,null,null,null,null,null,null,null,null,null,null,null
161,0.634742,-74.775924,2.3277167900E+02,-1.1312002000E+01,232.7715055,-11.3119557,0.6661,0.7739,-0.2183,16.142,0.411,2.6,8.172E-01,14.127,0.241,4.5,9.389E-01,1,0,0000,CB,10,57063.82198637,null,null,null,null,null,null,null,null,null,null,null,null,null,null,null,null
162,1.841733,157.750123,2.3295934400E+02,-1.1238059000E+01,232.9595415,-11.2385325,0.6077,0.6591,-0.1420,15.947,0.240,4.5,1.556E+00,14.085,0.279,3.9,1.169E+00,1,0,0000,BB,10,57063.95339935,null,null,null,null,null,null,null,null,null,null,null,null,null,null,null,null
163,0.372255,16.197002,2.3314704600E+02,-1.1163907000E+01,233.1470754,-11.1638077,0.4900,0.5553,0.0984,15.668,0.193,5.6,8.616E-01,14.027,0.248,4.4,1.083E+00,1,0,0000,BB,10,57064.08468488,null,null,null,null,null,null,null,null,null,null,null,null,null,null,null,null
165,0.702613,-11.429179,2.3352331800E+02,-1.1014437000E+01,233.5232786,-11.0142457,0.3932,0.4978,-0.0385,15.526,0.202,5.4,6.586E-01,13.336,0.170,6.4,8.974E-01,1,0,0000,BB,10,57064.34738336,null,null,null,null,null,null,null,null,null,null,null,null,null,null,null,null
166,0.839836,177.154120,2.3352351100E+02,-1.1014298000E+01,233.5235228,-11.0145310,0.4667,0.6404,0.1916,15.722,0.280,3.9,3.927E-01,13.685,0.202,5.4,5.562E-01,1,0,0000,BB,10,57064.34751067,null,null,null,null,null,null,null,null,null,null,null,null,null,null,null,null
167,1.658140,-131.766470,2.3371188700E+02,-1.0939118000E+01,233.7115371,-10.9394248,0.3491,0.3675,-0.1025,14.726,0.125,8.7,1.493E+00,13.077,0.203,5.3,2.140E+00,1,0,0000,BB,10,57064.47879630,2338010701351017839,15.253,0.039,14.912,0.080,12.040,0.355,8.545,null,null,null,null,null,null,null,null
174,4.725059,54.724075,9.7213249000E+01,-1.3934921000E+01,97.2143530,-13.9341630,0.0549,0.0564,-0.0242,12.138,0.025,43.5,1.413E+00,12.154,0.040,27.2,8.881E-01,1,0,0000,AA,5,57295.75305407,977013701351013121,12.129,0.023,12.171,0.022,12.533,0.508,9.213,null,1237284771,13.003,0.0239,12.370,0.0318,12.232,0.0274
179,3.610147,141.014925,9.7447705000E+01,-1.4172944000E+01,97.4483557,-14.1737235,0.9987,1.0804,-0.1963,16.796,0.479,2.3,1.286E+00,14.836,0.350,3.1,5.548E-01,1,0,H000,CB,10,57296.27781410,null,null,null,null,null,null,null,null,null,null,null,null,null,null,null,null
184,0.962652,-108.986880,9.7622271000E+01,-1.4351613000E+01,97.6220100,-14.3517000,1.0098,0.9768,-0.2385,16.376,0.372,2.9,7.631E-01,15.169,null,1.2,8.967E-01,1,0,0000,CU,5,57296.67141596,null,null,null,null,null,null,null,null,null,null,null,null,null,null,null,null
190,1.290348,0.742770,9.7795658000E+01,-1.4530385000E+01,97.7956628,-14.5300266,1.2035,1.0882,0.3313,16.270,null,1.1,4.665E-01,14.598,0.306,3.5,5.831E-01,1,0,0000,UB,10,57297.06489051,null,null,null,null,null,null,null,null,null,null,null,null,null,null,null,null
196,1.893610,-73.499258,9.7996587000E+01,-1.4739122000E+01,97.9960655,-14.7389726,0.6281,0.7474,0.1958,15.817,0.343,3.2,7.342E-01,14.380,0.284,3.8,1.269E+00,1,0,g000,BB,0,57297.52407146,986015201351038577,15.699,0.045,15.870,0.155,12.598,null,8.730,null,1214399345,16.332,0.1209,15.924,0.1876,15.348,null
197,2.633401,25.851001,9.8053757000E+01,-1.4798804000E+01,98.0540869,-14.7981457,0.4873,0.6401,-0.1287,15.781,0.209,5.2,1.699E+00,14.279,0.285,3.8,4.949E-01,1,0,0000,BB,0,57297.65535694,null,null,null,null,null,null,null,null,null,null,null,null,null,null,null,null
209,1.882907,-24.509764,9.9998131000E+01,-1.6924187000E+01,99.9979042,-16.9237111,0.4339,0.4763,-0.1174,15.496,0.151,7.2,1.192E+00,14.451,0.305,3.6,4.194E-01,1,0,0000,BB,10,57302.31261910,1006016701351013353,15.493,0.041,15.199,0.081,12.674,null,8.865,null,null,null,null,null,null,null,null
213,4.047182,-159.863621,1.0010273700E+02,-1.7044281000E+01,100.1023322,-17.0453365,0.1877,0.2194,-0.0409,14.561,0.070,15.4,7.846E-01,14.303,0.291,3.7,7.269E-01,1,0,0000,AB,10,57302.57506279,1006016701351013064,14.631,0.031,14.674,0.055,12.552,null,9.172,null,1232392814,15.365,0.0544,14.762,0.0750,14.528,0.0918
216,2.602573,-41.290047,1.0018078900E+02,-1.7134355000E+01,100.1802898,-17.1338118,0.6079,0.6113,-0.1383,16.614,0.363,3.0,1.634E+00,14.280,0.210,5.2,1.103E+00,1,0,0000,CB,10,57302.77180009,null,null,null,null,null,null,null,null,null,null,null,null,null,null,null,null
217,2.498027,172.093495,1.0020673900E+02,-1.7164383000E+01,100.2068389,-17.1650703,0.8348,0.9589,0.2545,16.388,0.329,3.3,1.053E+00,15.100,0.431,2.5,6.841E-01,1,0,0000,BC,10,57302.83737917,null,null,null,null,null,null,null,null,null,null,null,null,null,null,null,null
224,2.357318,3.183802,1.0036177500E+02,-1.7344605000E+01,100.3618131,-17.3439512,0.2476,0.3095,-0.1416,14.738,0.100,10.9,9.506E-01,14.407,0.203,5.3,7.100E-01,1,0,0000,AB,5,57303.23098104,1006016701351009140,14.809,0.036,14.994,0.068,12.244,null,9.326,null,1232434265,15.373,0.0509,14.932,0.0702,14.887,0.1321
229,2.543848,-106.788511,1.0046446600E+02,-1.7464790000E+01,100.4637568,-17.4649941,0.9240,0.9789,-0.2792,17.189,null,-0.3,1.492E+00,14.698,0.302,3.6,6.448E-01,1,0,0000,UB,10,57303.49342478,null,null,null,null,null,null,null,null,null,null,null,null,null,null,null,null
230,0.876022,16.180819,1.0049003800E+02,-1.7494836000E+01,100.4901091,-17.4946023,0.3225,0.4185,0.0950,15.220,0.134,8.1,1.555E+00,14.958,0.300,3.6,9.150E-01,1,0,0000,BB,10,57303.55900387,null,null,null,null,null,null,null,null,null,null,null,null,null,null,null,null
232,3.765382,132.684182,1.0059198000E+02,-1.7615030000E+01,100.5927867,-17.6157391,0.2387,0.3072,-0.0343,14.535,0.083,13.1,6.273E-01,14.411,0.209,5.2,8.088E-01,1,0,0000,AB,10,57303.82132029,999018201351051424,14.545,0.029,14.725,0.061,12.544,null,8.413,null,1270579129,15.175,0.0605,14.815,0.0762,14.655,0.1181
235,4.300141,-50.449469,1.0074391000E+02,-1.7795382000E+01,100.7429427,-17.7946214,0.1142,0.1408,-0.0379,13.911,0.047,23.1,9.239E-01,13.783,0.124,8.7,6.814E-01,1,0,0000,AB,10,57304.21492216,1014018201351038676,13.901,0.027,13.876,0.037,12.529,0.420,8.846,null,771757506,15.167,0.0723,14.680,0.1057,14.533,0.1115
236,0.095092,-126.467678,8.0632482000E+01,-6.9581980000E+00,80.6324606,-6.9582137,0.2718,0.3213,-0.0867,16.036,0.212,5.1,1.264E+00,13.713,0.099,11.0,9.392E-01,1,0,0000,BA,10,57442.78363103,null,null,null,null,null,null,null,null,null,null,null,null,null,null,null,null
237,1.535186,-125.263507,8.0660273000E+01,-6.8575570000E+00,80.6599223,-6.8578032,0.5169,0.5827,-0.1946,16.805,0.540,2.0,8.940E-01,14.220,0.156,7.0,4.656E-01,1,0,0000,CB,10,57442.91466204,null,null,null,null,null,null,null,null,null,null,null,null,null,null,null,null
239,0.265989,-155.625125,8.0716538000E+01,-6.6563220000E+00,80.7165073,-6.6563893,0.4047,0.4442,-0.1247,15.936,0.218,5.0,9.018E-01,14.127,0.163,6.7,1.034E+00,1,0,0000,BB,10,57443.17697885,null,null,null,null,null,null,null,null,null,null,null,null,null,null,null,null
241,0.474932,-76.454188,8.0744942000E+01,-6.5558210000E+00,80.7448129,-6.5557901,0.8724,1.0304,0.3224,16.413,null,1.7,9.843E-01,14.510,0.305,3.6,5.174E-01,1,0,0000,UB,10,57443.30800981,null,null,null,null,null,null,null,null,null,null,null,null,null,null,null,null
243,1.291494,-102.917945,8.0773585000E+01,-6.4553220000E+00,80.7732331,-6.4554022,0.5508,0.5553,-0.0829,16.200,0.254,4.3,1.658E+00,14.098,0.209,5.2,5.934E-01,1,0,0000,BB,5,57443.43916823,null,null,null,null,null,null,null,null,null,null,null,null,null,null,null,null
244,0.758195,73.305944,8.0787982000E+01,-6.4050910000E+00,80.7881850,-6.4050305,0.6468,0.6549,-0.1814,16.266,0.254,4.3,6.912E-01,14.704,0.285,3.8,8.576E-01,1,0,0000,BB,10,57443.50474738,null,null,null,null,null,null,null,null,null,null,null,null,null,null,null,null
245,0.974437,146.151223,8.0802431000E+01,-6.3548710000E+00,80.8025827,-6.3550958,0.4322,0.4189,-0.1737,16.233,0.301,3.6,7.746E-01,13.838,0.144,7.6,5.003E-01,1,0,0000,BB,10,57443.57032659,null,null,null,null,null,null,null,null,null,null,null,null,null,null,null,null
246,0.323540,-111.199970,8.0816931000E+01,-6.3046640000E+00,80.8168467,-6.3046965,0.2967,0.3820,-0.0367,15.599,0.170,6.4,9.304E-01,13.907,0.142,7.6,6.094E-01,1,0,0000,BB,10,57443.63590575,null,null,null,null,null,null,null,null,null,null,null,null,null,null,null,null
247,1.479786,29.003978,8.0831445000E+01,-6.2545150000E+00,80.8316455,-6.2541555,0.4501,0.5736,-0.2213,15.919,0.208,5.2,1.367E+00,14.435,0.201,5.4,5.237E-01,1,0,0000,BB,10,57443.70135764,null,null,null,null,null,null,null,null,null,null,null,null,null,null,null,null
248,1.167370,-169.365515,8.0831481000E+01,-6.2544700000E+00,80.8314208,-6.2547887,0.5276,0.6238,-0.1945,16.357,null,1.7,1.219E+00,14.237,0.161,6.7,7.100E-01,1,0,0000,UB,10,57443.70148495,null,null,null,null,null,null,null,null,null,null,null,null,null,null,null,null
250,1.785930,-32.927292,8.0875400000E+01,-6.1040070000E+00,80.8751288,-6.1035906,0.4806,0.5073,-0.2109,15.693,0.170,6.4,1.212E+00,14.459,0.254,4.3,7.626E-01,1,0,0000,BB,10,57443.89809525,null,null,null,null,null,null,null,null,null,null,null,null,null,null,null,null
251,1.758009,167.796026,8.0904919000E+01,-6.0037770000E+00,80.9050228,-6.0042543,0.2760,0.3696,-0.1115,15.333,0.144,7.5,1.395E+00,13.905,0.112,9.7,1.504E+00,1,0,0000,BB,10,57444.02912635,null,null,null,null,null,null,null,null,null,null,null,null,null,null,null,null
252,1.906786,173.444805,8.0904956000E+01,-6.0037310000E+00,80.9050168,-6.0042572,0.3768,0.4474,-0.1657,15.685,0.161,6.7,1.308E+00,14.135,0.172,6.3,8.939E-01,1,0,0000,BB,10,57444.02925367,null,null,null,null,null,null,null,null,null,null,null,null,null,null,null,null
254,0.489562,-150.793034,8.0964635000E+01,-5.8033810000E+00,80.9645683,-5.8034997,0.7734,0.6992,-0.1605,16.981,0.517,2.1,7.365E-01,14.463,0.206,5.3,7.261E-01,1,0,0000,CB,10,57444.29144309,null,null,null,null,null,null,null,null,null,null,null,null,null,null,null,null
255,0.197936,54.022919,3.0232126300E+02,-4.6966097000E+01,302.3213282,-46.9660647,0.1521,0.1744,-0.0791,14.749,0.083,13.1,9.611E-01,12.494,0.067,16.1,1.112E+00,1,0,0000,AA,10,57671.18932969,null,null,null,null,null,null,null,null,null,null,null,null,null,null,null,null
256,0.641615,112.672700,3.0243024000E+02,-4.6992299000E+01,302.4304811,-46.9923677,0.2335,0.2025,-0.0778,14.968,0.098,11.1,1.252E+00,12.830,0.081,13.4,5.469E-01,1,0,0000,AA,10,57671.25478160,null,null,null,null,null,null,null,null,null,null,null,null,null,null,null,null
264,1.381523,83.416278,1.1646113700E+02,-1.8920524000E+01,116.4615400,-18.9204800,0.1157,0.1202,-0.0340,16.622,null,-30.5,3.704E+01,15.157,null,-7.8,6.071E+00,1,0,DD00,UU,5,59512.06742561,null,null,null,null,null,null,null,null,null,null,null,null,null,null,null,null
273,2.302086,-0.838177,1.1666289100E+02,-1.9110821000E+01,116.6628811,-19.1101816,1.4942,1.6543,-0.6054,16.800,0.512,2.1,1.207E+00,14.652,null,1.0,1.030E+00,1,0,0000,CU,5,59512.59027470,1168019701351061121,16.535,0.076,16.324,0.216,12.497,null,9.273,null,null,null,null,null,null,null,null
275,0.325914,128.696516,1.1671303600E+02,-1.9158397000E+01,116.7131108,-19.1584536,0.1631,0.1910,-0.0745,14.014,0.062,17.5,1.597E+00,14.032,0.182,6.0,7.318E-01,1,0,0000,AB,5,59512.72092337,1168019701351059907,14.002,0.027,14.152,0.037,12.674,0.524,9.233,null,269485435,14.570,0.0490,14.314,0.0738,14.328,0.1002
281,2.235040,47.304067,1.1683800000E+02,-1.9277367000E+01,116.8384834,-19.2769460,0.9112,0.9911,-0.1578,16.424,0.399,2.7,4.521E-01,14.849,0.441,2.5,6.655E-01,1,0,0000,CC,0,59513.04767228,1168019701351048860,15.914,0.051,16.024,0.158,12.049,null,9.136,null,null,null,null,null,null,null,null
285,2.985763,-21.380715,1.1698713400E+02,-1.9420170000E+01,116.9868134,-19.4193977,0.2594,0.2974,0.0674,14.716,0.099,10.9,2.121E+00,14.343,null,2.0,8.523E-01,1,0,0000,AU,5,59513.43987288,1168019701351050479,14.738,0.029,15.040,0.063,12.209,null,9.167,null,269554292,15.333,0.0388,14.829,0.0458,14.920,0.1311
306,4.241468,90.608122,1.1881327700E+02,-2.1253982000E+01,118.8145411,-21.2539945,0.1528,0.1600,0.0284,13.847,0.067,16.1,1.267E+01,14.489,0.229,4.7,2.422E+00,1,0,0000,AB,10,59518.47239288,null,null,null,null,null,null,null,null,null,null,null,null,null,null,null,null
307,1.576728,-92.695936,1.1883563400E+02,-2.1277734000E+01,118.8351645,-21.2777546,0.1751,0.1887,-0.0515,14.268,0.061,17.9,7.697E-01,14.426,0.226,4.8,4.618E-01,1,0,0000,AB,10,59518.53720779,1194021301351038237,14.380,0.027,14.548,0.045,12.646,null,9.098,null,270057688,14.628,0.0373,14.416,0.0407,14.390,0.0844
312,2.418117,-19.131695,1.1892604000E+02,-2.1373041000E+01,118.9258036,-21.3724064,0.4354,0.5120,-0.1098,15.618,0.159,6.8,1.180E+00,14.869,0.297,3.7,9.160E-01,1,0,0000,BB,5,59518.79914170,1194021301351014978,15.513,0.035,15.570,0.088,12.518,null,8.622,null,null,null,null,null,null,null,null
318,4.762671,-28.340297,1.1914936800E+02,-2.1611110000E+01,119.1486925,-21.6099456,0.1222,0.1450,-0.0600,17.100,null,-1.4,2.189E+00,11.959,0.052,20.9,1.962E+01,1,0,0000,UA,10,59519.45263944,null,null,null,null,null,null,null,null,null,null,null,null,null,null,null,null
